Date,Mkt-RF,SMB,HML,RF
2018-01-03,0.0059,-0.0039000000000000003,-0.0019,6e-05
2018-01-04,0.0042,-0.0026,0.0025,6e-05
2018-01-05,0.0066,-0.0034999999999999996,-0.0025,6e-05
2018-01-08,0.0019,-0.0015,0.0004,6e-05
2018-01-09,0.0015,-0.0034999999999999996,-0.0004,6e-05
2018-01-10,-0.0007000000000000001,0.0006,0.005600000000000001,6e-05
2018-01-11,0.0087,0.011399999999999999,0.003,6e-05
2018-01-12,0.0066,-0.0032,0.0016,6e-05
2018-01-16,-0.0049,-0.0102,0.0001,6e-05
2018-01-17,0.0095,-0.0003,-0.001,6e-05
2018-01-18,-0.0018,-0.005,-0.0025,6e-05
2018-01-19,0.005699999999999999,0.009399999999999999,-0.0005,6e-05
2018-01-22,0.0077,-0.0034000000000000002,-0.0016,6e-05
2018-01-23,0.0022,0.0014000000000000002,-0.0036,6e-05
2018-01-24,-0.0013,-0.0084,0.0044,6e-05
2018-01-25,0.0007000000000000001,0.0014000000000000002,-0.0054,6e-05
2018-01-26,0.0111,-0.006,-0.0051,6e-05
2018-01-29,-0.0062,-0.0004,-0.0028000000000000004,6e-05
2018-01-30,-0.0106,0.0014000000000000002,-0.0021,6e-05
2018-01-31,-0.0007000000000000001,-0.0074,0.0011,6e-05
2018-02-01,0.0003,0.0008,0.0053,6e-05
2018-02-02,-0.0213,0.0004,-0.0029,6e-05
2018-02-05,-0.0403,0.0078000000000000005,-0.0058,6e-05
2018-02-06,0.0167,-0.0052,-0.0018,6e-05
2018-02-07,-0.0038,0.0052,0.002,6e-05
2018-02-08,-0.0368,0.008100000000000001,0.0051,6e-05
2018-02-09,0.013600000000000001,-0.0058,0.0015,6e-05
2018-02-12,0.013600000000000001,-0.004699999999999999,-0.003,6e-05
2018-02-13,0.0031,0.0008,-0.0024,6e-05
2018-02-14,0.0152,0.0026,0.0048,6e-05
2018-02-15,0.0121,-0.0014000000000000002,-0.0063,6e-05
2018-02-16,0.0003,0.0036,0.0016,6e-05
2018-02-20,-0.0062,-0.0036,-0.0024,6e-05
2018-02-21,-0.0043,0.0078000000000000005,0.0023,6e-05
2018-02-22,0.0001,0.0004,-0.0040999999999999995,6e-05
2018-02-23,0.0154,-0.0038,-0.0015,6e-05
2018-02-26,0.011200000000000002,-0.0051,-0.0007000000000000001,6e-05
2018-02-27,-0.0125,-0.0019,0.0003,6e-05
2018-02-28,-0.0111,-0.0042,-0.0032,6e-05
2018-03-01,-0.011899999999999999,0.0101,-0.0002,5e-05
2018-03-02,0.006999999999999999,0.011699999999999999,-0.0049,5e-05
2018-03-05,0.0106,-0.0039000000000000003,0.0023,5e-05
2018-03-06,0.0036,0.0069,0.0012,5e-05
2018-03-07,0.0005,0.0078000000000000005,-0.0044,5e-05
2018-03-08,0.0037,-0.0048,-0.0036,5e-05
2018-03-09,0.017,-0.0025,0.0028000000000000004,5e-05
2018-03-12,-0.0009,0.004699999999999999,-0.0008,5e-05
2018-03-13,-0.0067,0.0008,0.0003,5e-05
2018-03-14,-0.0053,0.0023,-0.005699999999999999,5e-05
2018-03-15,-0.0018,-0.0039000000000000003,0.0031,5e-05
2018-03-16,0.0025,0.0046,0.0017000000000000001,5e-05
2018-03-19,-0.0138,0.0034999999999999996,0.0040999999999999995,5e-05
2018-03-20,0.0015,-0.0008,-0.0036,5e-05
2018-03-21,-0.0006,0.0075,0.0044,5e-05
2018-03-22,-0.0254,0.0051,-0.0049,5e-05
2018-03-23,-0.0209,0.0021,-0.0023,5e-05
2018-03-26,0.026699999999999998,-0.0068000000000000005,0.0003,5e-05
2018-03-27,-0.0187,-0.0021,0.0037,5e-05
2018-03-28,-0.0034999999999999996,0.0013,0.0064,5e-05
2018-03-29,0.0141,-0.0031,-0.0022,5e-05
2018-04-02,-0.0229,-0.0014000000000000002,0.0037,7.000000000000001e-05
2018-04-03,0.0124,-0.0003,0.0019,7.000000000000001e-05
2018-04-04,0.011699999999999999,0.0033,-0.0031,7.000000000000001e-05
2018-04-05,0.0075,0.0003,0.004699999999999999,7.000000000000001e-05
2018-04-06,-0.0219,0.0039000000000000003,-0.0006,7.000000000000001e-05
2018-04-09,0.003,-0.0015,-0.0052,7.000000000000001e-05
2018-04-10,0.0177,0.004,-0.0012,7.000000000000001e-05
2018-04-11,-0.0049,0.0092,-0.0031,7.000000000000001e-05
2018-04-12,0.0084,-0.0023,0.0018,7.000000000000001e-05
2018-04-13,-0.0037,0.0003,-0.0025,7.000000000000001e-05
2018-04-16,0.008199999999999999,0.0008,-0.0002,7.000000000000001e-05
2018-04-17,0.0109,0.0016,-0.0118,7.000000000000001e-05
2018-04-18,0.0013,0.0021,0.0002,7.000000000000001e-05
2018-04-19,-0.0049,-0.004699999999999999,0.0108,7.000000000000001e-05
2018-04-20,-0.008100000000000001,0.0006,0.0058,7.000000000000001e-05
2018-04-23,-0.0005,-0.0007000000000000001,0.0019,7.000000000000001e-05
2018-04-24,-0.013000000000000001,0.0053,0.0102,7.000000000000001e-05
2018-04-25,0.001,-0.0034000000000000002,0.0006,7.000000000000001e-05
2018-04-26,0.0096,-0.0038,-0.0084,7.000000000000001e-05
2018-04-27,0.0001,-0.0026,0.0004,7.000000000000001e-05
2018-04-30,-0.008,0.0003,-0.0009,7.000000000000001e-05
2018-05-01,0.0024,0.0023,-0.0053,6e-05
2018-05-02,-0.0063,0.0128,-0.0036,6e-05
2018-05-03,-0.0025,-0.0052,-0.0015,6e-05
2018-05-04,0.013000000000000001,0.0002,-0.002,6e-05
2018-05-07,0.0042,0.0042,-0.0033,6e-05
2018-05-08,0.0007000000000000001,0.005,0.0024,6e-05
2018-05-09,0.0089,-0.0023,0.0025,6e-05
2018-05-10,0.0085,-0.0043,-0.0004,6e-05
2018-05-11,0.0019,0.0012,-0.0038,6e-05
2018-05-14,0.0005,-0.0036,0.0011,6e-05
2018-05-15,-0.0055000000000000005,0.0067,0.004,6e-05
2018-05-16,0.005,0.0070999999999999995,-0.0025,6e-05
2018-05-17,0.0002,0.009000000000000001,0.0029,6e-05
2018-05-18,-0.0023,0.005699999999999999,-0.0060999999999999995,6e-05
2018-05-21,0.0072,-0.0019,0.0044,6e-05
2018-05-22,-0.0042,-0.0076,0.0060999999999999995,6e-05
2018-05-23,0.0029,0.0005,-0.006999999999999999,6e-05
2018-05-24,-0.0016,0.0037,-0.0034999999999999996,6e-05
2018-05-25,-0.0021,0.0025,-0.0039000000000000003,6e-05
2018-05-29,-0.0104,0.0132,-0.0103,6e-05
2018-05-30,0.0131,0.0004,0.0037,6e-05
2018-05-31,-0.006999999999999999,0.0008,-0.0042,6e-05
2018-06-01,0.0106,-0.0023,-0.0011,6e-05
2018-06-04,0.0048,0.0017000000000000001,-0.0045000000000000005,6e-05
2018-06-05,0.0017000000000000001,0.008199999999999999,-0.0044,6e-05
2018-06-06,0.0086,-0.0033,0.002,6e-05
2018-06-07,-0.0014000000000000002,-0.003,0.009300000000000001,6e-05
2018-06-08,0.0031,0.0008,-0.004,6e-05
2018-06-11,0.0012,0.0017000000000000001,-0.0017000000000000001,6e-05
2018-06-12,0.0023,0.0023,-0.0063,6e-05
2018-06-13,-0.0033,0.0008,-0.002,6e-05
2018-06-14,0.0027,0.0032,-0.01,6e-05
2018-06-15,-0.0008,0.0005,-0.0024,6e-05
2018-06-18,-0.0009,0.0072,0.0008,6e-05
2018-06-19,-0.0038,0.005699999999999999,-0.0014000000000000002,6e-05
2018-06-20,0.0023,0.0073,-0.0051,6e-05
2018-06-21,-0.0073,-0.0063,0.0033,6e-05
2018-06-22,0.0011,0.0,0.0046,6e-05
2018-06-25,-0.0148,-0.0054,0.005699999999999999,6e-05
2018-06-26,0.0027,0.0063,-0.0024,6e-05
2018-06-27,-0.0102,-0.009899999999999999,0.0036,6e-05
2018-06-28,0.0058,-0.0018,-0.0051,6e-05
2018-06-29,0.0007000000000000001,-0.002,-0.0024,6e-05
2018-07-02,0.0036,0.0044,-0.0025,8e-05
2018-07-03,-0.0044,0.008100000000000001,-0.0002,8e-05
2018-07-05,0.0087,0.0044,-0.0043,8e-05
2018-07-06,0.0088,0.0005,-0.003,8e-05
2018-07-09,0.009300000000000001,-0.0040999999999999995,0.0086,8e-05
2018-07-10,0.0021,-0.0078000000000000005,-0.0017000000000000001,8e-05
2018-07-11,-0.0069,-0.0002,-0.0045000000000000005,8e-05
2018-07-12,0.0086,-0.0034999999999999996,-0.011399999999999999,8e-05
2018-07-13,0.0008,-0.0012,-0.0029,8e-05
2018-07-16,-0.0016,-0.0077,0.0098,8e-05
2018-07-17,0.0048,0.0026,-0.0076,8e-05
2018-07-18,0.0027,-0.0028000000000000004,0.0067,8e-05
2018-07-19,-0.0034000000000000002,0.0096,-0.0036,8e-05
2018-07-20,-0.001,-0.0018,0.0012,8e-05
2018-07-23,0.0015,-0.003,0.0055000000000000005,8e-05
2018-07-24,0.0022,-0.013600000000000001,0.0039000000000000003,8e-05
2018-07-25,0.0083,-0.0043,-0.0106,8e-05
2018-07-26,-0.002,0.0064,0.005699999999999999,8e-05
2018-07-27,-0.008199999999999999,-0.0138,0.0106,8e-05
2018-07-30,-0.006999999999999999,-0.0021,0.015600000000000001,8e-05
2018-07-31,0.0051,0.0085,-0.0111,8e-05
2018-08-01,-0.0013,0.0004,-0.0018,7.000000000000001e-05
2018-08-02,0.0067,0.0031,-0.0067,7.000000000000001e-05
2018-08-03,0.0031,-0.010700000000000001,0.0052,7.000000000000001e-05
2018-08-06,0.0046,0.0025,-0.0033,7.000000000000001e-05
2018-08-07,0.0029,0.0003,-0.0017000000000000001,7.000000000000001e-05
2018-08-08,-0.0004,-0.0012,0.0027,7.000000000000001e-05
2018-08-09,-0.0005,0.0037,-0.0034999999999999996,7.000000000000001e-05
2018-08-10,-0.006,0.0039000000000000003,-0.0021,7.000000000000001e-05
2018-08-13,-0.0046,-0.0015,-0.003,7.000000000000001e-05
2018-08-14,0.0069,0.003,0.0021,7.000000000000001e-05
2018-08-15,-0.0091,-0.0054,-0.0012,7.000000000000001e-05
2018-08-16,0.0086,-0.0007000000000000001,0.0026,7.000000000000001e-05
2018-08-17,0.003,0.0009,0.0002,7.000000000000001e-05
2018-08-20,0.0025,0.0012,0.0014000000000000002,7.000000000000001e-05
2018-08-21,0.0033,0.009000000000000001,0.0012,7.000000000000001e-05
2018-08-22,0.0005,0.0036,-0.0034999999999999996,7.000000000000001e-05
2018-08-23,-0.0019,-0.0006,-0.0033,7.000000000000001e-05
2018-08-24,0.0062,-0.0002,-0.005699999999999999,7.000000000000001e-05
2018-08-27,0.0074,-0.0067,-0.0016,7.000000000000001e-05
2018-08-28,-0.0001,-0.0012,-0.0028000000000000004,7.000000000000001e-05
2018-08-29,0.005600000000000001,-0.0005,-0.0058,7.000000000000001e-05
2018-08-30,-0.0040999999999999995,0.0029,-0.0042,7.000000000000001e-05
2018-08-31,0.0008,0.005,-0.0039000000000000003,7.000000000000001e-05
2018-09-04,-0.0011,-0.0037,0.0001,8e-05
2018-09-05,-0.0040999999999999995,-0.0018,0.0066,8e-05
2018-09-06,-0.0044,-0.0034999999999999996,-0.0024,8e-05
2018-09-07,-0.0018,0.001,-0.0021,8e-05
2018-09-10,0.0023,0.0012,-0.0037,8e-05
2018-09-11,0.0037,-0.0029,-0.0024,8e-05
2018-09-12,0.0003,-0.0006,-0.0022,8e-05
2018-09-13,0.0045000000000000005,-0.0044,-0.004,8e-05
2018-09-14,0.0012,0.0027,0.0025,8e-05
2018-09-17,-0.0070999999999999995,-0.0045000000000000005,0.0084,8e-05
2018-09-18,0.005699999999999999,0.0005,-0.0048,8e-05
2018-09-19,0.0006,-0.0066,0.0128,8e-05
2018-09-20,0.0077,0.0031,-0.0022,8e-05
2018-09-21,-0.0013,-0.0042,0.003,8e-05
2018-09-24,-0.0031,0.0006,-0.0091,8e-05
2018-09-25,-0.0005,0.0027,-0.0038,8e-05
2018-09-26,-0.004,-0.0038,-0.0063,8e-05
2018-09-27,0.0027,-0.0026,-0.005600000000000001,8e-05
2018-09-28,-0.0003,0.004,-0.002,8e-05
2018-10-01,0.0016,-0.016200000000000003,0.0034000000000000002,8e-05
2018-10-02,-0.0021,-0.0098,0.006,8e-05
2018-10-03,0.002,0.0084,0.005,8e-05
2018-10-04,-0.009300000000000001,-0.0106,0.0158,8e-05
2018-10-05,-0.0064,-0.0042,0.0039000000000000003,8e-05
2018-10-08,-0.0017000000000000001,-0.004,0.012199999999999999,8e-05
2018-10-09,-0.0018,-0.0029,0.0028000000000000004,8e-05
2018-10-10,-0.0333,0.003,0.011200000000000002,8e-05
2018-10-11,-0.0196,0.0045000000000000005,-0.0092,8e-05
2018-10-12,0.0138,-0.0088,-0.0174,8e-05
2018-10-15,-0.0048,0.0092,0.0051,8e-05
2018-10-16,0.022400000000000003,0.0068000000000000005,-0.0143,8e-05
2018-10-17,-0.0008,-0.0068000000000000005,0.0026,8e-05
2018-10-18,-0.0154,-0.0054,0.0043,8e-05
2018-10-19,-0.0025,-0.013300000000000001,0.0072,8e-05
2018-10-22,-0.0038,0.0048,-0.0125,8e-05
2018-10-23,-0.0062,-0.0009,-0.0042,8e-05
2018-10-24,-0.0333,-0.009300000000000001,0.0077,8e-05
2018-10-25,0.019299999999999998,0.0040999999999999995,-0.0059,8e-05
2018-10-26,-0.0165,0.0058,0.0034999999999999996,8e-05
2018-10-29,-0.0077,-0.0033,0.0161,8e-05
2018-10-30,0.0166,0.0042,0.0007000000000000001,8e-05
2018-10-31,0.012199999999999999,-0.0066,-0.0073,8e-05
2018-11-01,0.0129,0.013500000000000002,-0.011399999999999999,8e-05
2018-11-02,-0.0053,0.008,0.0067,8e-05
2018-11-05,0.004,-0.0101,0.015600000000000001,8e-05
2018-11-06,0.0058,-0.0016,0.0003,8e-05
2018-11-07,0.021099999999999997,-0.0033,-0.0106,8e-05
2018-11-08,-0.0028000000000000004,-0.0025,0.0025,8e-05
2018-11-09,-0.0104,-0.0086,0.0042,8e-05
2018-11-12,-0.0206,0.0001,0.0085,8e-05
2018-11-13,-0.0013,-0.0011,0.0016,8e-05
2018-11-14,-0.0077,0.0003,-0.0028000000000000004,8e-05
2018-11-15,0.0118,0.0036,-0.004,8e-05
2018-11-16,0.0015,0.0002,-0.0006,8e-05
2018-11-19,-0.018799999999999997,-0.0073,0.023,8e-05
2018-11-20,-0.018500000000000003,0.0014000000000000002,-0.0054,8e-05
2018-11-21,0.0051,0.0098,-0.0034000000000000002,8e-05
2018-11-23,-0.0055000000000000005,0.0083,-0.006,8e-05
2018-11-26,0.016200000000000003,-0.0066,-0.002,8e-05
2018-11-27,0.0011,-0.0109,0.0026,8e-05
2018-11-28,0.0242,0.0045000000000000005,-0.011699999999999999,8e-05
2018-11-29,-0.0022,-0.001,-0.001,8e-05
2018-11-30,0.0078000000000000005,-0.0033,-0.0043,8e-05
2018-12-03,0.0113,-0.0005,-0.008100000000000001,0.00010999999999999999
2018-12-04,-0.0345,-0.0096,-0.002,0.00010999999999999999
2018-12-06,-0.0016,0.0013,-0.0105,0.00010999999999999999
2018-12-07,-0.0236,0.0021,0.013300000000000001,0.00010999999999999999
2018-12-10,0.001,-0.0011,-0.016200000000000003,0.00010999999999999999
2018-12-11,-0.0008,-0.0005,-0.0042,0.00010999999999999999
2018-12-12,0.0068000000000000005,0.0058,-0.0018,0.00010999999999999999
2018-12-13,-0.0026,-0.0151,-0.0019,0.00010999999999999999
2018-12-14,-0.0189,-0.0007000000000000001,0.005,0.00010999999999999999
2018-12-17,-0.0213,-0.0026,0.0108,0.00010999999999999999
2018-12-18,-0.0003,0.0002,-0.0060999999999999995,0.00010999999999999999
2018-12-19,-0.0158,-0.0062,0.0003,0.00010999999999999999
2018-12-20,-0.016200000000000003,-0.0029,0.0097,0.00010999999999999999
2018-12-21,-0.0217,-0.0055000000000000005,0.0076,0.00010999999999999999
2018-12-24,-0.0255,0.01,-0.0049,0.00010999999999999999
2018-12-26,0.0506,-0.0005,-0.0101,0.00010999999999999999
2018-12-27,0.0078000000000000005,-0.0067,-0.0013,0.00010999999999999999
2018-12-28,-0.0003,0.0077,0.0026,0.00010999999999999999
2018-12-31,0.009000000000000001,-0.001,-0.0045000000000000005,0.00010999999999999999
2019-01-02,0.0023,0.0059,0.011200000000000002,0.0001
2019-01-03,-0.0245,0.0036,0.011899999999999999,0.0001
2019-01-04,0.0355,0.0040999999999999995,-0.006999999999999999,0.0001
2019-01-07,0.009399999999999999,0.01,-0.0075,0.0001
2019-01-08,0.0101,0.0052,-0.0063,0.0001
2019-01-09,0.005600000000000001,0.0046,0.001,0.0001
2019-01-10,0.0042,0.0003,-0.0046,0.0001
2019-01-11,-0.0001,0.0012,0.0022,0.0001
2019-01-14,-0.006,-0.0059,0.009399999999999999,0.0001
2019-01-15,0.0106,0.0,-0.0088,0.0001
2019-01-16,0.0028000000000000004,0.0004,0.0092,0.0001
2019-01-17,0.0075,0.0011,-0.0024,0.0001
2019-01-18,0.0129,-0.0036,0.0012,0.0001
2019-01-22,-0.015300000000000001,-0.004,0.0033,0.0001
2019-01-23,0.0015,-0.0039000000000000003,-0.0014000000000000002,0.0001
2019-01-24,0.0023,0.0044,0.0,0.0001
2019-01-25,0.009000000000000001,0.0046,-0.0034999999999999996,0.0001
2019-01-28,-0.008,-0.0016,0.0063,0.0001
2019-01-29,-0.0019,-0.0001,0.0017000000000000001,0.0001
2019-01-30,0.0151,-0.0015,-0.009399999999999999,0.0001
2019-01-31,0.0092,0.0012,-0.0108,0.0001
2019-02-01,0.0014000000000000002,-0.0014000000000000002,0.0043,0.0001
2019-02-04,0.0072,0.0049,-0.0046,0.0001
2019-02-05,0.0043,-0.0008,-0.006,0.0001
2019-02-06,-0.0022,-0.0002,0.0007000000000000001,0.0001
2019-02-07,-0.009300000000000001,-0.0014000000000000002,0.004,0.0001
2019-02-08,0.0009,0.0005,-0.0068000000000000005,0.0001
2019-02-11,0.0014000000000000002,0.0066,0.0022,0.0001
2019-02-12,0.013600000000000001,0.0002,-0.0017000000000000001,0.0001
2019-02-13,0.0028000000000000004,0.0007000000000000001,0.0007000000000000001,0.0001
2019-02-14,-0.0021,0.0052,-0.0058,0.0001
2019-02-15,0.0113,0.0025,0.004699999999999999,0.0001
2019-02-19,0.0019,0.003,0.003,0.0001
2019-02-20,0.0019,0.0021,0.0055000000000000005,0.0001
2019-02-21,-0.0037,-0.0007000000000000001,-0.0022,0.0001
2019-02-22,0.006500000000000001,0.0055000000000000005,-0.0147,0.0001
2019-02-25,0.0015,-0.0026,-0.0018,0.0001
2019-02-26,-0.0016,-0.0063,-0.0033,0.0001
2019-02-27,0.0009,0.0019,-0.0012,0.0001
2019-02-28,-0.0031,0.0001,-0.0024,0.0001
2019-03-01,0.0072,0.0029,-0.0040999999999999995,8.999999999999999e-05
2019-03-04,-0.0052,-0.004,0.0038,8.999999999999999e-05
2019-03-05,-0.0017000000000000001,-0.0031,-0.0023,8.999999999999999e-05
2019-03-06,-0.0084,-0.0127,0.0005,8.999999999999999e-05
2019-03-07,-0.008199999999999999,-0.0007000000000000001,-0.0033,8.999999999999999e-05
2019-03-08,-0.0022,0.0005,-0.0015,8.999999999999999e-05
2019-03-11,0.0149,0.0036,-0.0052,8.999999999999999e-05
2019-03-12,0.0025,-0.0027,-0.0008,8.999999999999999e-05
2019-03-13,0.0068000000000000005,-0.0031,0.0007000000000000001,8.999999999999999e-05
2019-03-14,-0.001,-0.004,0.003,8.999999999999999e-05
2019-03-15,0.0048,-0.0025,-0.0024,8.999999999999999e-05
2019-03-18,0.0046,0.0016,0.0044,8.999999999999999e-05
2019-03-19,-0.0009,-0.0038,-0.0091,8.999999999999999e-05
2019-03-20,-0.0039000000000000003,0.0002,-0.0104,8.999999999999999e-05
2019-03-21,0.0111,0.003,-0.0123,8.999999999999999e-05
2019-03-22,-0.0217,-0.0152,-0.0006,8.999999999999999e-05
2019-03-25,-0.0005,0.0066,-0.0027,8.999999999999999e-05
2019-03-26,0.0076,0.0017000000000000001,0.0046,8.999999999999999e-05
2019-03-27,-0.005,0.001,0.0049,8.999999999999999e-05
2019-03-28,0.004,0.0034000000000000002,0.0002,8.999999999999999e-05
2019-03-29,0.0066,-0.0022,-0.0092,8.999999999999999e-05
2019-04-01,0.011899999999999999,-0.003,0.009899999999999999,0.0001
2019-04-02,-0.0005,-0.0013,-0.0044,0.0001
2019-04-03,0.0027,0.0022,-0.0039000000000000003,0.0001
2019-04-04,0.0019,0.0021,0.0092,0.0001
2019-04-05,0.0052,0.0053,-0.0008,0.0001
2019-04-08,0.0008,-0.0029,0.001,0.0001
2019-04-09,-0.006500000000000001,-0.005699999999999999,-0.0014000000000000002,0.0001
2019-04-10,0.0048,0.0097,-0.001,0.0001
2019-04-11,0.0,-0.0031,0.0040999999999999995,0.0001
2019-04-12,0.006500000000000001,-0.005,0.0064,0.0001
2019-04-15,-0.0009,-0.0022,-0.0054,0.0001
2019-04-16,0.0013,0.0012,0.006999999999999999,0.0001
2019-04-17,-0.0032,-0.006999999999999999,0.0083,0.0001
2019-04-18,0.0011,-0.0025,-0.0051,0.0001
2019-04-22,0.0011,-0.0046,-0.0055000000000000005,0.0001
2019-04-23,0.0097,0.0072,-0.0048,0.0001
2019-04-24,-0.0023,0.0027,-0.0008,0.0001
2019-04-25,-0.0014000000000000002,-0.0075,-0.0019,0.0001
2019-04-26,0.0053,0.0043,0.0007000000000000001,0.0001
2019-04-29,0.0018,0.0008,0.0064,0.0001
2019-04-30,-0.0004,-0.006999999999999999,0.0028000000000000004,0.0001
2019-05-01,-0.0083,-0.001,-0.0002,8.999999999999999e-05
2019-05-02,-0.0016,0.0045000000000000005,-0.0027,8.999999999999999e-05
2019-05-03,0.0113,0.009399999999999999,-0.0027,8.999999999999999e-05
2019-05-06,-0.0039000000000000003,0.006,-0.0042,8.999999999999999e-05
2019-05-07,-0.0169,-0.0028000000000000004,0.005,8.999999999999999e-05
2019-05-08,-0.0022,-0.0015,-0.0032,8.999999999999999e-05
2019-05-09,-0.0028000000000000004,0.0008,0.0012,8.999999999999999e-05
2019-05-10,0.0034999999999999996,-0.0037,0.0008,8.999999999999999e-05
2019-05-13,-0.026699999999999998,-0.0073,0.0029,8.999999999999999e-05
2019-05-14,0.009300000000000001,0.004,-0.0002,8.999999999999999e-05
2019-05-15,0.0058,0.0005,-0.0095,8.999999999999999e-05
2019-05-16,0.0091,-0.004,-0.0032,8.999999999999999e-05
2019-05-17,-0.0073,-0.008,0.0029,8.999999999999999e-05
2019-05-20,-0.006500000000000001,-0.0023,0.0072,8.999999999999999e-05
2019-05-21,0.009000000000000001,0.0043,-0.0034999999999999996,8.999999999999999e-05
2019-05-22,-0.004,-0.0052,-0.0059,8.999999999999999e-05
2019-05-23,-0.0137,-0.0069,-0.0027,8.999999999999999e-05
2019-05-24,0.0023,0.005,0.0031,8.999999999999999e-05
2019-05-28,-0.0078000000000000005,0.0029,-0.0063,8.999999999999999e-05
2019-05-29,-0.0070999999999999995,-0.0029,0.0042,8.999999999999999e-05
2019-05-30,0.0014000000000000002,-0.0028000000000000004,-0.0077,8.999999999999999e-05
2019-05-31,-0.0137,-0.0022,-0.0009,8.999999999999999e-05
2019-06-03,-0.004,0.0034999999999999996,0.0165,8.999999999999999e-05
2019-06-04,0.0233,0.0042,-0.0002,8.999999999999999e-05
2019-06-05,0.006999999999999999,-0.0098,-0.0097,8.999999999999999e-05
2019-06-06,0.0055000000000000005,-0.0104,0.0001,8.999999999999999e-05
2019-06-07,0.0104,0.0005,-0.012,8.999999999999999e-05
2019-06-10,0.0053,-0.0004,0.0008,8.999999999999999e-05
2019-06-11,-0.0012,-0.0025,0.0055000000000000005,8.999999999999999e-05
2019-06-12,-0.002,0.0040999999999999995,-0.0098,8.999999999999999e-05
2019-06-13,0.0052,0.0067,-0.0004,8.999999999999999e-05
2019-06-14,-0.0027,-0.0079,0.0031,8.999999999999999e-05
2019-06-17,0.0015,0.0063,-0.011200000000000002,8.999999999999999e-05
2019-06-18,0.0104,0.0016,0.0033,8.999999999999999e-05
2019-06-19,0.0032,0.0011,-0.006,8.999999999999999e-05
2019-06-20,0.0089,-0.0036,-0.0023,8.999999999999999e-05
2019-06-21,-0.0021,-0.004699999999999999,-0.0004,8.999999999999999e-05
2019-06-24,-0.0034000000000000002,-0.0089,0.0008,8.999999999999999e-05
2019-06-25,-0.0098,0.0034000000000000002,0.0070999999999999995,8.999999999999999e-05
2019-06-26,-0.0006,-0.0005,0.0025,8.999999999999999e-05
2019-06-27,0.006,0.014199999999999999,-0.0009,8.999999999999999e-05
2019-06-28,0.0068000000000000005,0.0064,0.0060999999999999995,8.999999999999999e-05
2019-07-01,0.0075,-0.0054,-0.0013,8.999999999999999e-05
2019-07-02,0.0014000000000000002,-0.0079,-0.008100000000000001,8.999999999999999e-05
2019-07-03,0.0078000000000000005,-0.0004,-0.0033,8.999999999999999e-05
2019-07-05,-0.001,0.0016,0.0091,8.999999999999999e-05
2019-07-08,-0.0058,-0.0045000000000000005,0.0005,8.999999999999999e-05
2019-07-09,0.0018,-0.0015,-0.0043,8.999999999999999e-05
2019-07-10,0.004,-0.0015,-0.0036,8.999999999999999e-05
2019-07-11,0.0019,-0.0079,0.0004,8.999999999999999e-05
2019-07-12,0.0053,0.0018,0.0040999999999999995,8.999999999999999e-05
2019-07-15,-0.0004,-0.0034000000000000002,-0.010700000000000001,8.999999999999999e-05
2019-07-16,-0.0032,0.0034999999999999996,0.001,8.999999999999999e-05
2019-07-17,-0.0064,-0.0015,-0.006500000000000001,8.999999999999999e-05
2019-07-18,0.0034999999999999996,-0.0029,0.0002,8.999999999999999e-05
2019-07-19,-0.005600000000000001,0.0015,0.0086,8.999999999999999e-05
2019-07-22,0.0025,-0.0044,-0.0049,8.999999999999999e-05
2019-07-23,0.006500000000000001,-0.0023,0.008100000000000001,8.999999999999999e-05
2019-07-24,0.0066,0.0074,0.0085,8.999999999999999e-05
2019-07-25,-0.0063,-0.0066,-0.0012,8.999999999999999e-05
2019-07-26,0.008199999999999999,0.0039000000000000003,-0.0019,8.999999999999999e-05
2019-07-29,-0.0032,-0.0034000000000000002,-0.0046,8.999999999999999e-05
2019-07-30,-0.0017000000000000001,0.013600000000000001,0.0089,8.999999999999999e-05
2019-07-31,-0.0109,0.0012,0.0060999999999999995,8.999999999999999e-05
2019-08-01,-0.0104,-0.0042,-0.019,7.000000000000001e-05
2019-08-02,-0.0087,-0.0031,0.0007000000000000001,7.000000000000001e-05
2019-08-05,-0.030699999999999998,-0.0001,0.0,7.000000000000001e-05
2019-08-06,0.0129,-0.0042,-0.0059,7.000000000000001e-05
2019-08-07,0.0007000000000000001,0.0008,-0.009000000000000001,7.000000000000001e-05
2019-08-08,0.0197,0.0004,-0.0023,7.000000000000001e-05
2019-08-09,-0.0078000000000000005,-0.0042,-0.0023,7.000000000000001e-05
2019-08-12,-0.0132,0.0028000000000000004,-0.0027,7.000000000000001e-05
2019-08-13,0.0147,-0.0017000000000000001,-0.0054,7.000000000000001e-05
2019-08-14,-0.029500000000000002,0.0022,-0.0051,7.000000000000001e-05
2019-08-15,0.0016,-0.0060999999999999995,-0.0052,7.000000000000001e-05
2019-08-16,0.0155,0.0052,0.0060999999999999995,7.000000000000001e-05
2019-08-19,0.011399999999999999,0.0001,0.0022,7.000000000000001e-05
2019-08-20,-0.0075,0.003,-0.005,7.000000000000001e-05
2019-08-21,0.0085,0.0005,-0.003,7.000000000000001e-05
2019-08-22,-0.001,-0.0053,0.0049,7.000000000000001e-05
2019-08-23,-0.026600000000000002,-0.0055000000000000005,-0.0018,7.000000000000001e-05
2019-08-26,0.0108,-0.0002,-0.0017000000000000001,7.000000000000001e-05
2019-08-27,-0.0046,-0.0088,-0.0067,7.000000000000001e-05
2019-08-28,0.0068000000000000005,0.0046,0.0062,7.000000000000001e-05
2019-08-29,0.013500000000000002,0.0031,0.0034000000000000002,7.000000000000001e-05
2019-08-30,0.0003,-0.0038,0.0023,7.000000000000001e-05
2019-09-03,-0.0086,-0.0095,0.001,8.999999999999999e-05
2019-09-04,0.0108,-0.0022,0.0043,8.999999999999999e-05
2019-09-05,0.014199999999999999,0.004,0.006999999999999999,8.999999999999999e-05
2019-09-06,-0.0002,-0.0039000000000000003,0.0004,8.999999999999999e-05
2019-09-09,0.0007000000000000001,0.0074,0.030600000000000002,8.999999999999999e-05
2019-09-10,0.0017000000000000001,0.0106,0.0113,8.999999999999999e-05
2019-09-11,0.0088,0.013300000000000001,-0.0004,8.999999999999999e-05
2019-09-12,0.0022,-0.003,-0.0013,8.999999999999999e-05
2019-09-13,-0.0001,0.0001,0.0074,8.999999999999999e-05
2019-09-16,-0.0023,0.009000000000000001,0.0053,8.999999999999999e-05
2019-09-17,0.0017000000000000001,-0.0059,-0.011899999999999999,8.999999999999999e-05
2019-09-18,-0.0005,-0.0076,0.0006,8.999999999999999e-05
2019-09-19,-0.0005,-0.0043,-0.0046,8.999999999999999e-05
2019-09-20,-0.0048,0.0029,0.0015,8.999999999999999e-05
2019-09-23,-0.0002,-0.0017000000000000001,0.0051,8.999999999999999e-05
2019-09-24,-0.0101,-0.0073,0.0,8.999999999999999e-05
2019-09-25,0.0069,0.0036,0.0052,8.999999999999999e-05
2019-09-26,-0.0040999999999999995,-0.0096,0.0012,8.999999999999999e-05
2019-09-27,-0.0062,-0.0034000000000000002,0.0088,8.999999999999999e-05
2019-09-30,0.005,-0.0017000000000000001,-0.0048,8.999999999999999e-05
2019-10-01,-0.0131,-0.0046,-0.0058,7.000000000000001e-05
2019-10-02,-0.0173,0.009000000000000001,-0.0036,7.000000000000001e-05
2019-10-03,0.008,-0.0022,-0.0089,7.000000000000001e-05
2019-10-04,0.0139,-0.004699999999999999,-0.0007000000000000001,7.000000000000001e-05
2019-10-07,-0.0040999999999999995,0.0016,-0.0002,7.000000000000001e-05
2019-10-08,-0.0161,-0.0013,-0.0012,7.000000000000001e-05
2019-10-09,0.0092,-0.0055000000000000005,-0.0009,7.000000000000001e-05
2019-10-10,0.0059,-0.004,0.0026,7.000000000000001e-05
2019-10-11,0.0123,0.004699999999999999,0.0019,7.000000000000001e-05
2019-10-14,-0.0018,-0.0034000000000000002,-0.0004,7.000000000000001e-05
2019-10-15,0.0103,0.0025,-0.0025,7.000000000000001e-05
2019-10-16,-0.0024,0.004,0.0023,7.000000000000001e-05
2019-10-17,0.0037,0.008100000000000001,-0.0028000000000000004,7.000000000000001e-05
2019-10-18,-0.0049,-0.0034999999999999996,0.0087,7.000000000000001e-05
2019-10-21,0.0070999999999999995,0.0016,0.0034999999999999996,7.000000000000001e-05
2019-10-22,-0.0034000000000000002,0.0022,0.0086,7.000000000000001e-05
2019-10-23,0.0025,-0.0009,0.0027,7.000000000000001e-05
2019-10-24,0.0025,-0.0026,-0.0089,7.000000000000001e-05
2019-10-25,0.0051,0.0027,0.0008,7.000000000000001e-05
2019-10-28,0.0062,0.0027,-0.0025,7.000000000000001e-05
2019-10-29,-0.0013,0.003,0.005,7.000000000000001e-05
2019-10-30,0.0027,-0.0036,-0.011699999999999999,7.000000000000001e-05
2019-10-31,-0.0038,-0.0026,-0.0043,7.000000000000001e-05
2019-11-01,0.0108,0.0048,0.0083,6e-05
2019-11-04,0.004,0.0001,0.013600000000000001,6e-05
2019-11-05,-0.0003,0.0024,0.0044,6e-05
2019-11-06,-0.0005,-0.0072,0.0023,6e-05
2019-11-07,0.0038,-0.0014000000000000002,0.0051,6e-05
2019-11-08,0.0031,0.0006,-0.0036,6e-05
2019-11-11,-0.0019,0.0,-0.0019,6e-05
2019-11-12,0.0016,-0.0012,-0.0015,6e-05
2019-11-13,0.0001,-0.0022,-0.008199999999999999,6e-05
2019-11-14,0.0007000000000000001,-0.0011,-0.0025,6e-05
2019-11-15,0.0074,-0.0025,-0.0033,6e-05
2019-11-18,0.0002,-0.0034999999999999996,-0.0051,6e-05
2019-11-19,0.0002,0.0058,-0.0095,6e-05
2019-11-20,-0.0033,0.0,-0.0045000000000000005,6e-05
2019-11-21,-0.0014000000000000002,-0.0034999999999999996,0.0011,6e-05
2019-11-22,0.0024,0.0006,0.0022,6e-05
2019-11-25,0.0092,0.0132,-0.0038,6e-05
2019-11-26,0.0019,0.0006,-0.009000000000000001,6e-05
2019-11-27,0.0044,0.0023,-0.0002,6e-05
2019-11-29,-0.0042,-0.0004,-0.0031,6e-05
2019-12-02,-0.0087,-0.0025,0.0048,7.000000000000001e-05
2019-12-03,-0.0066,0.006,-0.0083,7.000000000000001e-05
2019-12-04,0.006,0.0013,0.0025,7.000000000000001e-05
2019-12-05,0.0013,-0.0021,0.0046,7.000000000000001e-05
2019-12-06,0.0091,0.0024,0.0037,7.000000000000001e-05
2019-12-09,-0.0033,0.0037,0.0012,7.000000000000001e-05
2019-12-10,-0.0008,0.0031,-0.0009,7.000000000000001e-05
2019-12-11,0.0028000000000000004,-0.0007000000000000001,0.0013,7.000000000000001e-05
2019-12-12,0.009000000000000001,-0.0014000000000000002,0.011399999999999999,7.000000000000001e-05
2019-12-13,-0.0003,-0.0027,-0.0054,7.000000000000001e-05
2019-12-16,0.0074,0.0002,-0.0004,7.000000000000001e-05
2019-12-17,0.001,0.0040999999999999995,0.0067,7.000000000000001e-05
2019-12-18,-0.0005,0.002,0.0009,7.000000000000001e-05
2019-12-19,0.0043,-0.0002,-0.0042,7.000000000000001e-05
2019-12-20,0.0048,-0.003,-0.0031,7.000000000000001e-05
2019-12-23,0.001,0.002,-0.0034000000000000002,7.000000000000001e-05
2019-12-24,0.0001,0.0039000000000000003,-0.0001,7.000000000000001e-05
2019-12-26,0.0048,-0.0054,0.0,7.000000000000001e-05
2019-12-27,-0.001,-0.0053,-0.0007000000000000001,7.000000000000001e-05
2019-12-30,-0.005699999999999999,0.0019,0.005600000000000001,7.000000000000001e-05
2019-12-31,0.0028000000000000004,-0.0001,0.0011,7.000000000000001e-05
2020-01-02,0.0086,-0.0088,-0.0034000000000000002,6e-05
2020-01-03,-0.0067,0.0038,0.0001,6e-05
2020-01-06,0.0036,-0.0007000000000000001,-0.0055000000000000005,6e-05
2020-01-07,-0.0019,-0.0001,-0.0025,6e-05
2020-01-08,0.004699999999999999,-0.0006,-0.0064,6e-05
2020-01-09,0.006500000000000001,-0.0064,-0.0049,6e-05
2020-01-10,-0.0034000000000000002,-0.0019,-0.0033,6e-05
2020-01-13,0.0073,-0.0011,-0.0008,6e-05
2020-01-14,-0.0006,0.0039000000000000003,-0.0018,6e-05
2020-01-15,0.0016,0.004699999999999999,-0.008100000000000001,6e-05
2020-01-16,0.0088,0.0052,-0.0011,6e-05
2020-01-17,0.0028000000000000004,-0.0064,-0.0013,6e-05
2020-01-21,-0.0032,-0.0051,-0.0060999999999999995,6e-05
2020-01-22,0.0008,-0.0026,0.0001,6e-05
2020-01-23,0.0008,-0.0005,-0.0013,6e-05
2020-01-24,-0.0097,-0.0044,-0.0029,6e-05
2020-01-27,-0.015600000000000001,0.0037,-0.0040999999999999995,6e-05
2020-01-28,0.0102,-0.0012,-0.0042,6e-05
2020-01-29,-0.001,-0.0024,-0.0097,6e-05
2020-01-30,0.0034000000000000002,-0.0068000000000000005,0.0068000000000000005,6e-05
2020-01-31,-0.0174,-0.0042,-0.0034999999999999996,6e-05
2020-02-03,0.0084,0.0062,-0.0068000000000000005,6e-05
2020-02-04,0.015700000000000002,-0.0005,-0.0068000000000000005,6e-05
2020-02-05,0.0097,0.0031,0.0146,6e-05
2020-02-06,0.0027,-0.0044,-0.0083,6e-05
2020-02-07,-0.0055000000000000005,-0.0079,-0.0003,6e-05
2020-02-10,0.0073,0.0,-0.0088,6e-05
2020-02-11,0.0028000000000000004,0.0005,0.0104,6e-05
2020-02-12,0.0066,0.0015,-0.0034999999999999996,6e-05
2020-02-13,-0.0009,0.002,0.0,6e-05
2020-02-14,0.0015,-0.0038,-0.0066,6e-05
2020-02-18,-0.0019,0.0016,-0.0064,6e-05
2020-02-19,0.006,0.0018,0.0003,6e-05
2020-02-20,-0.0034999999999999996,0.0049,0.0066,6e-05
2020-02-21,-0.011200000000000002,-0.0011,0.0002,6e-05
2020-02-24,-0.0339,0.0018,0.0001,6e-05
2020-02-25,-0.030899999999999997,-0.001,-0.0068000000000000005,6e-05
2020-02-26,-0.0052,-0.0038,-0.012,6e-05
2020-02-27,-0.042199999999999994,0.0078000000000000005,0.0005,6e-05
2020-02-28,-0.0078000000000000005,0.003,-0.008,6e-05
2020-03-02,0.0431,-0.0169,-0.0043,6e-05
2020-03-03,-0.0279,0.008,-0.0063,6e-05
2020-03-04,0.0403,-0.0108,-0.011699999999999999,6e-05
2020-03-05,-0.0338,0.0024,-0.013999999999999999,6e-05
2020-03-06,-0.0178,0.0006,-0.0149,6e-05
2020-03-09,-0.07780000000000001,-0.0038,-0.047599999999999996,6e-05
2020-03-10,0.047400000000000005,-0.024900000000000002,0.0079,6e-05
2020-03-11,-0.050499999999999996,-0.0084,-0.008199999999999999,6e-05
2020-03-12,-0.09630000000000001,-0.0044,-0.011699999999999999,6e-05
2020-03-13,0.08960000000000001,-0.027200000000000002,0.029900000000000003,6e-05
2020-03-16,-0.12,-0.0026,-0.0075,6e-05
2020-03-17,0.0588,0.0084,-0.0068000000000000005,6e-05
2020-03-18,-0.0556,-0.035699999999999996,-0.047,6e-05
2020-03-19,0.0131,0.0548,0.0085,6e-05
2020-03-20,-0.0415,0.0034999999999999996,-0.0088,6e-05
2020-03-23,-0.0255,0.0223,-0.0329,6e-05
2020-03-24,0.0934,-0.0126,0.0239,6e-05
2020-03-25,0.0118,-0.0073,0.019299999999999998,6e-05
2020-03-26,0.0602,-0.0072,0.0109,6e-05
2020-03-27,-0.0348,-0.0083,-0.0076,6e-05
2020-03-30,0.0316,-0.003,-0.021099999999999997,6e-05
2020-03-31,-0.0144,0.018000000000000002,-0.0039000000000000003,6e-05
2020-04-01,-0.0451,-0.015,-0.014199999999999999,0.0
2020-04-02,0.021,-0.0098,-0.0027,0.0
2020-04-03,-0.016399999999999998,-0.0109,-0.011399999999999999,0.0
2020-04-06,0.0706,0.0076,0.003,0.0
2020-04-07,-0.0011,-0.0058,0.0209,0.0
2020-04-08,0.034,0.0031,0.0129,0.0
2020-04-09,0.0159,0.0192,0.0316,0.0
2020-04-13,-0.0092,-0.0084,-0.0241,0.0
2020-04-14,0.0302,-0.0018,-0.0313,0.0
2020-04-15,-0.0215,-0.0123,-0.0254,0.0
2020-04-16,0.0062,-0.0021,-0.0297,0.0
2020-04-17,0.027200000000000002,0.0073,0.0276,0.0
2020-04-20,-0.015600000000000001,0.0077,-0.0091,0.0
2020-04-21,-0.0308,0.009300000000000001,0.0016,0.0
2020-04-22,0.0231,-0.0069,-0.016399999999999998,0.0
2020-04-23,0.0013,0.0111,0.0055000000000000005,0.0
2020-04-24,0.0144,0.0026,-0.0013,0.0
2020-04-27,0.0173,0.0161,0.027000000000000003,0.0
2020-04-28,-0.0045000000000000005,0.009899999999999999,0.0285,0.0
2020-04-29,0.0292,0.018799999999999997,0.02,0.0
2020-04-30,-0.0118,-0.0143,-0.0168,0.0
2020-05-01,-0.0291,-0.005600000000000001,-0.0097,0.0
2020-05-04,0.0054,0.002,-0.0128,0.0
2020-05-05,0.0095,0.0004,-0.020099999999999996,0.0
2020-05-06,-0.0052,0.0053,-0.0271,0.0
2020-05-07,0.013300000000000001,-0.0006,0.004,0.0
2020-05-08,0.019,0.0139,0.0246,0.0
2020-05-11,0.0007000000000000001,0.004699999999999999,-0.0378,0.0
2020-05-12,-0.0206,-0.0084,-0.013500000000000002,0.0
2020-05-13,-0.0189,-0.009000000000000001,-0.0209,0.0
2020-05-14,0.011399999999999999,-0.0152,0.0092,0.0
2020-05-15,0.005699999999999999,0.0161,-0.0116,0.0
2020-05-18,0.032400000000000005,0.015700000000000002,0.0461,0.0
2020-05-19,-0.0101,-0.0054,-0.015,0.0
2020-05-20,0.018000000000000002,0.0109,0.0131,0.0
2020-05-21,-0.006999999999999999,0.0063,0.0040999999999999995,0.0
2020-05-22,0.0027,0.004699999999999999,-0.0086,0.0
2020-05-26,0.0123,0.001,0.045599999999999995,0.0
2020-05-27,0.0154,0.006500000000000001,0.0361,0.0
2020-05-28,-0.0040999999999999995,-0.015300000000000001,-0.024300000000000002,0.0
2020-05-29,0.006,-0.0029,-0.0197,0.0
2020-06-01,0.0052,-0.0004,0.0042,0.0
2020-06-02,0.008100000000000001,-0.0009,0.0054,0.0
2020-06-03,0.014199999999999999,0.0016,0.0263,0.0
2020-06-04,-0.0034000000000000002,-0.0022,0.028900000000000002,0.0
2020-06-05,0.025,0.0067,0.0277,0.0
2020-06-08,0.0139,0.0037,0.0209,0.0
2020-06-09,-0.0085,-0.0025,-0.019299999999999998,0.0
2020-06-10,-0.005600000000000001,-0.0086,-0.040999999999999995,0.0
2020-06-11,-0.0591,-0.008199999999999999,-0.0304,0.0
2020-06-12,0.0129,0.0031,0.0183,0.0
2020-06-15,0.0109,0.0146,-0.0039000000000000003,0.0
2020-06-16,0.0187,0.006,0.0049,0.0
2020-06-17,-0.004,-0.009000000000000001,-0.019799999999999998,0.0
2020-06-18,0.0019,0.001,-0.0053,0.0
2020-06-19,-0.0045000000000000005,0.0009,-0.006500000000000001,0.0
2020-06-22,0.0070999999999999995,0.0084,-0.013600000000000001,0.0
2020-06-23,0.0042,0.0016,-0.006,0.0
2020-06-24,-0.026099999999999998,-0.0045000000000000005,-0.013600000000000001,0.0
2020-06-25,0.011200000000000002,0.0024,0.0051,0.0
2020-06-26,-0.024399999999999998,0.0012,-0.013999999999999999,0.0
2020-06-29,0.0151,0.0125,0.0184,0.0
2020-06-30,0.0158,0.0008,0.0001,0.0
2020-07-01,0.0040999999999999995,-0.0128,-0.0258,1e-05
2020-07-02,0.005,-0.0002,-0.0013,1e-05
2020-07-06,0.0165,-0.0062,0.0034000000000000002,1e-05
2020-07-07,-0.0103,-0.005,-0.015,1e-05
2020-07-08,0.0091,0.003,-0.0046,1e-05
2020-07-09,-0.0053,-0.009300000000000001,-0.026099999999999998,1e-05
2020-07-10,0.0111,-0.0007000000000000001,0.030699999999999998,1e-05
2020-07-13,-0.012,-0.0077,0.0204,1e-05
2020-07-14,0.013500000000000002,0.0043,-0.0029,1e-05
2020-07-15,0.011399999999999999,0.0242,0.0125,1e-05
2020-07-16,-0.0037,-0.0034999999999999996,0.008,1e-05
2020-07-17,0.003,0.0018,-0.0143,1e-05
2020-07-20,0.0101,-0.0045000000000000005,-0.023700000000000002,1e-05
2020-07-21,0.0015,0.0084,0.0327,1e-05
2020-07-22,0.0049,-0.0062,-0.0037,1e-05
2020-07-23,-0.012,0.0072,0.0197,1e-05
2020-07-24,-0.0075,-0.008199999999999999,0.0044,1e-05
2020-07-27,0.0088,0.0076,-0.0199,1e-05
2020-07-28,-0.008100000000000001,-0.0070999999999999995,0.01,1e-05
2020-07-29,0.013500000000000002,0.0048,0.0089,1e-05
2020-07-30,-0.0029,0.0049,-0.0184,1e-05
2020-07-31,0.0060999999999999995,-0.016,-0.0066,1e-05
2020-08-03,0.0098,0.012199999999999999,-0.0084,0.0
2020-08-04,0.0037,0.0046,0.0004,0.0
2020-08-05,0.0078000000000000005,0.0103,0.0083,0.0
2020-08-06,0.0053,-0.0042,-0.0083,0.0
2020-08-07,0.0002,0.0091,0.024,0.0
2020-08-10,0.0024,0.0088,0.0173,0.0
2020-08-11,-0.0083,-0.0033,0.016399999999999998,0.0
2020-08-12,0.013999999999999999,-0.0051,-0.0134,0.0
2020-08-13,-0.0001,0.0018,-0.013300000000000001,0.0
2020-08-14,-0.0004,-0.0009,0.0108,0.0
2020-08-17,0.0045000000000000005,0.0059,-0.019299999999999998,0.0
2020-08-18,0.0022,-0.0106,-0.0143,0.0
2020-08-19,-0.0038,0.004699999999999999,0.001,0.0
2020-08-20,0.0031,-0.0052,-0.0155,0.0
2020-08-21,0.0026,-0.0109,-0.0043,0.0
2020-08-24,0.0092,-0.0037,0.0259,0.0
2020-08-25,0.0036,0.0015,-0.006500000000000001,0.0
2020-08-26,0.01,-0.011699999999999999,-0.0174,0.0
2020-08-27,0.0018,-0.0034000000000000002,0.0095,0.0
2020-08-28,0.006999999999999999,0.0026,-0.0023,0.0
2020-08-31,-0.0004,-0.0042,-0.0176,0.0
2020-09-01,0.0092,0.0044,-0.003,0.0
2020-09-02,0.0127,-0.005,-0.0045000000000000005,0.0
2020-09-03,-0.037000000000000005,-0.0023,0.026000000000000002,0.0
2020-09-04,-0.0087,-0.0017000000000000001,0.0206,0.0
2020-09-08,-0.0291,0.0066,-0.0028000000000000004,0.0
2020-09-09,0.0207,-0.0017000000000000001,-0.02,0.0
2020-09-10,-0.016399999999999998,0.003,-0.0007000000000000001,0.0
2020-09-11,-0.0006,-0.0084,0.0089,0.0
2020-09-14,0.0159,0.011899999999999999,-0.008,0.0
2020-09-15,0.005699999999999999,-0.0027,-0.0143,0.0
2020-09-16,-0.0039000000000000003,0.0076,0.0131,0.0
2020-09-17,-0.0085,0.0036,0.002,0.0
2020-09-18,-0.0088,0.0079,-0.0021,0.0
2020-09-21,-0.0108,-0.0203,-0.0189,0.0
2020-09-22,0.0102,-0.0014000000000000002,-0.0163,0.0
2020-09-23,-0.0248,-0.0070999999999999995,0.0016,0.0
2020-09-24,0.0025,-0.0021,0.0038,0.0
2020-09-25,0.0172,0.0014000000000000002,-0.0134,0.0
2020-09-28,0.0166,0.0073,0.0105,0.0
2020-09-29,-0.0042,0.0076,-0.013300000000000001,0.0
2020-09-30,0.0079,-0.0073,0.0016,0.0
2020-10-01,0.0079,0.0104,-0.0054,0.0
2020-10-02,-0.0096,0.0108,0.024399999999999998,0.0
2020-10-05,0.019299999999999998,0.0102,-0.001,0.0
2020-10-06,-0.0128,0.0074,0.0026,0.0
2020-10-07,0.0184,0.0053,0.0022,0.0
2020-10-08,0.008,0.0003,0.009899999999999999,0.0
2020-10-09,0.009300000000000001,0.0001,-0.0141,0.0
2020-10-12,0.015300000000000001,-0.0083,-0.0009,0.0
2020-10-13,-0.0040999999999999995,0.0018,-0.0172,0.0
2020-10-14,-0.006500000000000001,0.0009,0.0003,0.0
2020-10-15,-0.0008,0.0089,0.011399999999999999,0.0
2020-10-16,-0.0006,-0.0018,0.0006,0.0
2020-10-19,-0.015300000000000001,0.0034999999999999996,0.003,0.0
2020-10-20,0.0034000000000000002,-0.0024,0.0126,0.0
2020-10-21,-0.0036,-0.004699999999999999,0.0040999999999999995,0.0
2020-10-22,0.0067,0.0060999999999999995,0.0103,0.0
2020-10-23,0.0038,0.0042,0.0004,0.0
2020-10-26,-0.018500000000000003,-0.0028000000000000004,-0.0039000000000000003,0.0
2020-10-27,-0.0023,-0.0007000000000000001,-0.0233,0.0
2020-10-28,-0.0341,0.0001,0.0058,0.0
2020-10-29,0.0113,0.0017000000000000001,0.0027,0.0
2020-10-30,-0.014499999999999999,-0.008,0.018600000000000002,0.0
2020-11-02,0.011699999999999999,0.0053,0.009899999999999999,0.0
2020-11-03,0.019299999999999998,0.01,-0.002,0.0
2020-11-04,0.0225,-0.0149,-0.05,0.0
2020-11-05,0.0213,0.01,0.0052,0.0
2020-11-06,0.0001,-0.0086,-0.009300000000000001,0.0
2020-11-09,0.0086,0.008,0.0674,0.0
2020-11-10,-0.0017000000000000001,0.015600000000000001,0.0216,0.0
2020-11-11,0.0088,-0.005699999999999999,-0.0175,0.0
2020-11-12,-0.009399999999999999,-0.0023,-0.0118,0.0
2020-11-13,0.0131,0.0060999999999999995,0.011399999999999999,0.0
2020-11-16,0.012199999999999999,0.0078000000000000005,0.02,0.0
2020-11-17,-0.0019,0.0060999999999999995,0.0,0.0
2020-11-18,-0.009300000000000001,-0.0003,0.0002,0.0
2020-11-19,0.0059,0.004699999999999999,-0.0076,0.0
2020-11-20,-0.0051,0.0068000000000000005,-0.006,0.0
2020-11-23,0.0083,0.0087,0.015700000000000002,0.0
2020-11-24,0.015600000000000001,-0.0011,0.0276,0.0
2020-11-25,0.0003,0.0,-0.013300000000000001,0.0
2020-11-27,0.0043,0.004699999999999999,-0.016200000000000003,0.0
2020-11-30,-0.0053,-0.009899999999999999,-0.0207,0.0
2020-12-01,0.0098,-0.0026,0.0054,0.0
2020-12-02,0.0011,-0.0009,0.010700000000000001,0.0
2020-12-03,0.0018,0.0049,-0.0009,0.0
2020-12-04,0.0102,0.0147,0.0084,0.0
2020-12-07,0.0003,0.0024,-0.0102,0.0
2020-12-08,0.004699999999999999,0.0102,-0.0070999999999999995,0.0
2020-12-09,-0.0103,-0.0006,0.0128,0.0
2020-12-10,0.0024,0.011200000000000002,-0.004699999999999999,0.0
2020-12-11,-0.002,-0.0038,-0.0070999999999999995,0.0
2020-12-14,-0.0028000000000000004,0.0058,-0.0152,0.0
2020-12-15,0.0128,0.0108,0.0036,0.0
2020-12-16,0.0017000000000000001,-0.0043,-0.0038,0.0
2020-12-17,0.0079,0.0069,-0.0070999999999999995,0.0
2020-12-18,-0.0012,0.0007000000000000001,-0.011699999999999999,0.0
2020-12-21,-0.0023,0.0013,-0.0005,0.0
2020-12-22,0.0006,0.0121,-0.0161,0.0
2020-12-23,0.001,0.0038,0.0203,0.0
2020-12-24,0.0021,-0.0040999999999999995,-0.0019,0.0
2020-12-28,0.0046,-0.0073,0.0036,0.0
2020-12-29,-0.004,-0.015300000000000001,0.0024,0.0
2020-12-30,0.0027,0.0101,0.0003,0.0
2020-12-31,0.0039000000000000003,-0.0089,0.0040999999999999995,0.0
2021-01-04,-0.0141,0.0022,0.0058,0.0
2021-01-05,0.0086,0.0123,0.0048,0.0
2021-01-06,0.0079,0.021400000000000002,0.0393,0.0
2021-01-07,0.0176,0.0033,-0.0083,0.0
2021-01-08,0.0051,-0.0075,-0.0138,0.0
2021-01-11,-0.0051,0.0026,0.0126,0.0
2021-01-12,0.0038,0.0129,0.0121,0.0
2021-01-13,0.0007000000000000001,-0.009300000000000001,-0.0045000000000000005,0.0
2021-01-14,-0.0011,0.0203,0.0111,0.0
2021-01-15,-0.0086,-0.0049,-0.0076,0.0
2021-01-19,0.0092,0.0088,-0.008,0.0
2021-01-20,0.0126,-0.0039000000000000003,-0.0108,0.0
2021-01-21,-0.0004,-0.0055000000000000005,-0.009399999999999999,0.0
2021-01-22,-0.0007000000000000001,0.0187,-0.0012,0.0
2021-01-25,0.0029,-0.0005,-0.0040999999999999995,0.0
2021-01-26,-0.0032,0.0002,0.0001,0.0
2021-01-27,-0.0253,0.013300000000000001,0.0155,0.0
2021-01-28,0.0092,-0.0194,-0.0091,0.0
2021-01-29,-0.0184,0.0059,0.0058,0.0
2021-02-01,0.0173,0.009300000000000001,-0.0147,0.0
2021-02-02,0.0148,-0.0085,-0.0108,0.0
2021-02-03,0.0015,0.0043,0.006999999999999999,0.0
2021-02-04,0.0123,0.0038,0.0037,0.0
2021-02-05,0.0058,0.010700000000000001,-0.004699999999999999,0.0
2021-02-08,0.0096,0.021099999999999997,0.0039000000000000003,0.0
2021-02-09,0.0005,0.0070999999999999995,-0.0017000000000000001,0.0
2021-02-10,-0.0008,-0.0048,0.0064,0.0
2021-02-11,0.0019,-0.0022,-0.0043,0.0
2021-02-12,0.0049,-0.0014000000000000002,0.0049,0.0
2021-02-16,-0.0014000000000000002,-0.0060999999999999995,0.018799999999999997,0.0
2021-02-17,-0.0021,-0.0085,0.0060999999999999995,0.0
2021-02-18,-0.0063,-0.0155,-0.0019,0.0
2021-02-19,0.0016,0.0179,0.0070999999999999995,0.0
2021-02-22,-0.0113,-0.0005,0.0316,0.0
2021-02-23,-0.0015,-0.0127,0.009000000000000001,0.0
2021-02-24,0.0115,0.0121,0.013999999999999999,0.0
2021-02-25,-0.0274,-0.011399999999999999,0.0092,0.0
2021-02-26,-0.0028000000000000004,0.0066,-0.015700000000000002,0.0
2021-03-01,0.0263,0.0109,0.0023,0.0
2021-03-02,-0.0105,-0.0109,0.0124,0.0
2021-03-03,-0.015700000000000002,-0.0019,0.035699999999999996,0.0
2021-03-04,-0.017,-0.013600000000000001,0.0171,0.0
2021-03-05,0.018500000000000003,0.0021,0.0062,0.0
2021-03-08,-0.0067,0.0060999999999999995,0.037000000000000005,0.0
2021-03-09,0.0179,0.0129,-0.032400000000000005,0.0
2021-03-10,0.0068000000000000005,0.0077,0.0182,0.0
2021-03-11,0.0144,0.016,-0.0202,0.0
2021-03-12,0.001,0.0013,0.013000000000000001,0.0
2021-03-15,0.006999999999999999,-0.0011,-0.0129,0.0
2021-03-16,-0.0043,-0.0111,-0.0083,0.0
2021-03-17,0.0033,0.004699999999999999,0.0033,0.0
2021-03-18,-0.018799999999999997,-0.0175,0.0218,0.0
2021-03-19,0.0025,0.0126,-0.009899999999999999,0.0
2021-03-22,0.0055000000000000005,-0.012,-0.022099999999999998,0.0
2021-03-23,-0.011699999999999999,-0.0271,-0.0104,0.0
2021-03-24,-0.0101,-0.0197,0.0147,0.0
2021-03-25,0.0067,0.0168,0.0139,0.0
2021-03-26,0.0155,0.0018,0.0069,0.0
2021-03-29,-0.0049,-0.024,-0.0023,0.0
2021-03-30,-0.0002,0.0154,0.01,0.0
2021-03-31,0.0063,0.0111,-0.0233,0.0
2021-04-01,0.0127,0.0029,0.0,0.0
2021-04-05,0.0127,-0.0059,-0.0070999999999999995,0.0
2021-04-06,0.0001,-0.0032,0.001,0.0
2021-04-07,-0.0012,-0.0161,0.0032,0.0
2021-04-08,0.0062,0.0059,-0.0116,0.0
2021-04-09,0.006500000000000001,-0.0064,0.0014000000000000002,0.0
2021-04-12,-0.0005,-0.0062,0.0058,0.0
2021-04-13,0.0040999999999999995,-0.0028000000000000004,-0.0161,0.0
2021-04-14,-0.0034999999999999996,0.0079,0.0141,0.0
2021-04-15,0.0104,-0.0044,-0.011899999999999999,0.0
2021-04-16,0.0027,-0.0036,0.006500000000000001,0.0
2021-04-19,-0.0073,-0.0077,0.0079,0.0
2021-04-20,-0.009399999999999999,-0.0118,-0.015600000000000001,0.0
2021-04-21,0.0111,0.0139,0.001,0.0
2021-04-22,-0.0077,0.006500000000000001,-0.0076,0.0
2021-04-23,0.0126,0.0075,0.006999999999999999,0.0
2021-04-26,0.0043,0.0087,-0.005,0.0
2021-04-27,-0.0003,-0.0016,0.0084,0.0
2021-04-28,-0.0006,0.002,0.0019,0.0
2021-04-29,0.0039000000000000003,-0.011399999999999999,0.0109,0.0
2021-04-30,-0.0083,-0.0043,-0.0032,0.0
2021-05-03,0.0017000000000000001,0.0043,0.017,0.0
2021-05-04,-0.0089,-0.0075,0.02,0.0
2021-05-05,-0.0006,-0.0046,0.0134,0.0
2021-05-06,0.0048,-0.0083,0.012,0.0
2021-05-07,0.0084,0.0043,-0.0009,0.0
2021-05-10,-0.013600000000000001,-0.0168,0.017,0.0
2021-05-11,-0.0063,0.0096,-0.0089,0.0
2021-05-12,-0.023399999999999997,-0.013300000000000001,0.0070999999999999995,0.0
2021-05-13,0.0102,0.0026,0.011399999999999999,0.0
2021-05-14,0.0181,0.0098,-0.0015,0.0
2021-05-17,-0.0024,0.006,0.0083,0.0
2021-05-18,-0.0069,0.0026,-0.009399999999999999,0.0
2021-05-19,-0.0034000000000000002,-0.0037,-0.0046,0.0
2021-05-20,0.0115,-0.0011,-0.014199999999999999,0.0
2021-05-21,-0.0004,0.0022,0.0098,0.0
2021-05-24,0.009899999999999999,-0.0037,-0.0069,0.0
2021-05-25,-0.003,-0.0060999999999999995,-0.0123,0.0
2021-05-26,0.004699999999999999,0.0177,0.005600000000000001,0.0
2021-05-27,0.0028000000000000004,0.008,0.009399999999999999,0.0
2021-05-28,0.0004,-0.003,-0.003,0.0
2021-06-01,0.0003,0.0111,0.014499999999999999,0.0
2021-06-02,0.0012,-0.0012,0.0031,0.0
2021-06-03,-0.0053,-0.0053,0.0072,0.0
2021-06-04,0.0089,-0.0036,-0.0089,0.0
2021-06-07,0.0015,0.015700000000000002,-0.0096,0.0
2021-06-08,0.0019,0.0115,-0.0031,0.0
2021-06-09,-0.003,-0.0029,-0.0084,0.0
2021-06-10,0.004,-0.0089,-0.0204,0.0
2021-06-11,0.0037,0.0067,0.0018,0.0
2021-06-14,0.0015,-0.0031,-0.0161,0.0
2021-06-15,-0.003,-0.0003,0.013000000000000001,0.0
2021-06-16,-0.0045000000000000005,0.0044,0.002,0.0
2021-06-17,0.0001,-0.0049,-0.035699999999999996,0.0
2021-06-18,-0.012199999999999999,-0.0042,-0.0144,0.0
2021-06-21,0.0134,0.0059,0.0106,0.0
2021-06-22,0.0058,0.0004,-0.0043,0.0
2021-06-23,0.0001,0.0055000000000000005,-0.0029,0.0
2021-06-24,0.0069,0.006500000000000001,0.0023,0.0
2021-06-25,0.0031,-0.006999999999999999,0.0043,0.0
2021-06-28,0.0022,-0.0049,-0.016,0.0
2021-06-29,0.0,-0.0025,-0.0029,0.0
2021-06-30,0.0007000000000000001,-0.0012,0.0076,0.0
2021-07-01,0.0043,0.0037,0.0040999999999999995,0.0
2021-07-02,0.005600000000000001,-0.013300000000000001,-0.0072,0.0
2021-07-06,-0.0028000000000000004,-0.006500000000000001,-0.0199,0.0
2021-07-07,0.0009,-0.0092,0.0008,0.0
2021-07-08,-0.0086,0.0015,-0.0077,0.0
2021-07-09,0.0125,0.0062,0.015700000000000002,0.0
2021-07-12,0.0023,-0.0017000000000000001,0.005600000000000001,0.0
2021-07-13,-0.005600000000000001,-0.0113,-0.0040999999999999995,0.0
2021-07-14,-0.0026,-0.0116,0.0034000000000000002,0.0
2021-07-15,-0.0038,-0.0036,0.0079,0.0
2021-07-16,-0.0077,-0.0023,-0.0125,0.0
2021-07-19,-0.0141,0.0031,-0.0174,0.0
2021-07-20,0.0169,0.0079,0.0016,0.0
2021-07-21,0.0095,0.0063,0.0079,0.0
2021-07-22,0.0009,-0.0134,-0.0101,0.0
2021-07-23,0.0098,-0.001,-0.004699999999999999,0.0
2021-07-26,0.0018,-0.0009,0.013300000000000001,0.0
2021-07-27,-0.0066,-0.0066,0.006,0.0
2021-07-28,0.0027,0.0141,-0.0066,0.0
2021-07-29,0.0040999999999999995,-0.0001,0.009399999999999999,0.0
2021-07-30,-0.006500000000000001,-0.0007000000000000001,-0.0017000000000000001,0.0
2021-08-02,-0.0012,-0.0015,-0.0040999999999999995,0.0
2021-08-03,0.0073,-0.0048,0.0092,0.0
2021-08-04,-0.0039000000000000003,-0.0060999999999999995,-0.015600000000000001,0.0
2021-08-05,0.0074,0.011399999999999999,-0.001,0.0
2021-08-06,0.0009,0.0005,0.018799999999999997,0.0
2021-08-09,0.0001,-0.0036,-0.0026,0.0
2021-08-10,0.0006,0.0,0.0182,0.0
2021-08-11,0.0019,-0.0001,0.0141,0.0
2021-08-12,0.0024,-0.0059,-0.004,0.0
2021-08-13,0.0,-0.0085,-0.0025,0.0
2021-08-16,-0.0005,-0.0086,0.0005,0.0
2021-08-17,-0.008,-0.0045000000000000005,-0.0011,0.0
2021-08-18,-0.0095,0.0012,-0.0019,0.0
2021-08-19,-0.0015,-0.0079,-0.008199999999999999,0.0
2021-08-20,0.0092,0.01,-0.0049,0.0
2021-08-23,0.0108,0.009399999999999999,-0.0085,0.0
2021-08-24,0.0040999999999999995,0.0036,0.0036,0.0
2021-08-25,0.0026,-0.0004,0.0036,0.0
2021-08-26,-0.006500000000000001,-0.0039000000000000003,-0.0032,0.0
2021-08-27,0.010700000000000001,0.016200000000000003,0.003,0.0
2021-08-30,0.0034999999999999996,-0.0034999999999999996,-0.0137,0.0
2021-08-31,-0.0013,0.0044,-0.0005,0.0
2021-09-01,0.0011,0.0059,-0.009399999999999999,0.0
2021-09-02,0.0036,0.001,-0.0004,0.0
2021-09-03,-0.0001,-0.0038,-0.0026,0.0
2021-09-07,-0.0036,-0.0014000000000000002,-0.0009,0.0
2021-09-08,-0.0034000000000000002,-0.008100000000000001,0.0008,0.0
2021-09-09,-0.0027,0.0023,0.0009,0.0
2021-09-10,-0.0076,-0.001,0.0002,0.0
2021-09-13,0.0014000000000000002,-0.0005,0.0134,0.0
2021-09-14,-0.0066,-0.005,-0.0097,0.0
2021-09-15,0.0088,0.0002,0.0063,0.0
2021-09-16,-0.0003,0.0004,-0.0055000000000000005,0.0
2021-09-17,-0.0072,0.009899999999999999,-0.0005,0.0
2021-09-20,-0.0187,-0.0058,0.0023,0.0
2021-09-21,0.0005,0.0045000000000000005,-0.0067,0.0
2021-09-22,0.01,0.0017000000000000001,0.0053,0.0
2021-09-23,0.0128,0.0036,0.009300000000000001,0.0
2021-09-24,0.0008,-0.004699999999999999,0.006999999999999999,0.0
2021-09-27,-0.001,0.0125,0.024300000000000002,0.0
2021-09-28,-0.0218,-0.0044,0.0176,0.0
2021-09-29,0.0003,-0.003,0.008,0.0
2021-09-30,-0.0102,0.0032,-0.0077,0.0
2021-10-01,0.011000000000000001,0.004,0.005,0.0
2021-10-04,-0.0143,-0.0003,0.023399999999999997,0.0
2021-10-05,0.0105,-0.0052,-0.0007000000000000001,0.0
2021-10-06,0.0033,-0.0086,-0.0049,0.0
2021-10-07,0.0101,0.0053,-0.0017000000000000001,0.0
2021-10-08,-0.0028000000000000004,-0.0060999999999999995,0.011200000000000002,0.0
2021-10-11,-0.0072,0.0032,-0.0028000000000000004,0.0
2021-10-12,-0.0006,0.0063,-0.0044,0.0
2021-10-13,0.0043,0.0014000000000000002,-0.0106,0.0
2021-10-14,0.0165,-0.0034000000000000002,-0.0027,0.0
2021-10-15,0.0063,-0.012,0.003,0.0
2021-10-18,0.0040999999999999995,-0.0025,-0.0001,0.0
2021-10-19,0.0070999999999999995,-0.0049,-0.0023,0.0
2021-10-20,0.0034000000000000002,-0.0002,0.011899999999999999,0.0
2021-10-21,0.0037,0.0021,-0.0095,0.0
2021-10-22,-0.0025,-0.0024,0.0101,0.0
2021-10-25,0.0058,0.0048,-0.0015,0.0
2021-10-26,0.0004,-0.0070999999999999995,-0.0031,0.0
2021-10-27,-0.0076,-0.0074,-0.0118,0.0
2021-10-28,0.011399999999999999,0.0088,-0.0049,0.0
2021-10-29,0.0022,0.002,-0.0084,0.0
2021-11-01,0.0051,0.0202,0.0044,0.0
2021-11-02,0.0024,-0.0029,-0.0054,0.0
2021-11-03,0.008,0.014499999999999999,-0.0012,0.0
2021-11-04,0.0039000000000000003,-0.0003,-0.0137,0.0
2021-11-05,0.0038,0.0068000000000000005,0.011899999999999999,0.0
2021-11-08,0.0018,0.0002,0.0007000000000000001,0.0
2021-11-09,-0.0034999999999999996,-0.0018,0.0045000000000000005,0.0
2021-11-10,-0.010700000000000001,-0.006500000000000001,0.009399999999999999,0.0
2021-11-11,0.0024,0.0054,0.0033,0.0
2021-11-12,0.0074,-0.0032,-0.0091,0.0
2021-11-15,-0.0002,-0.0054,0.0070999999999999995,0.0
2021-11-16,0.005,0.0004,-0.0072,0.0
2021-11-17,-0.004699999999999999,-0.0055000000000000005,-0.0025,0.0
2021-11-18,0.0006,-0.005699999999999999,-0.0007000000000000001,0.0
2021-11-19,-0.002,-0.0017000000000000001,-0.0129,0.0
2021-11-22,-0.0060999999999999995,-0.0054,0.0276,0.0
2021-11-23,-0.0003,-0.0052,0.0175,0.0
2021-11-24,0.003,0.0003,-0.0087,0.0
2021-11-26,-0.0222,-0.0123,-0.0092,0.0
2021-11-29,0.0111,-0.0101,-0.0079,0.0
2021-11-30,-0.0195,0.0052,-0.0113,0.0
2021-12-01,-0.0161,-0.008,0.011000000000000001,0.0
2021-12-02,0.0151,0.0072,0.0127,0.0
2021-12-03,-0.0121,-0.0113,0.0106,0.0
2021-12-06,0.011899999999999999,0.0075,0.0063,0.0
2021-12-07,0.0222,0.002,-0.0179,0.0
2021-12-08,0.004699999999999999,0.0066,-0.0083,0.0
2021-12-09,-0.010700000000000001,-0.0137,0.015700000000000002,0.0
2021-12-10,0.006999999999999999,-0.0083,0.005,0.0
2021-12-13,-0.0104,-0.0031,-0.0098,0.0
2021-12-14,-0.0076,-0.0067,0.016399999999999998,0.0
2021-12-15,0.016200000000000003,0.0039000000000000003,-0.0191,0.0
2021-12-16,-0.012,-0.016,0.0278,0.0
2021-12-17,-0.006500000000000001,0.0189,-0.0233,0.0
2021-12-20,-0.0127,-0.0015,-0.0040999999999999995,0.0
2021-12-21,0.0206,0.008199999999999999,0.0019,0.0
2021-12-22,0.0097,0.0025,-0.0036,0.0
2021-12-23,0.0070999999999999995,0.0034999999999999996,-0.0048,0.0
2021-12-27,0.012199999999999999,-0.0011,0.0029,0.0
2021-12-28,-0.0027,-0.006,0.008100000000000001,0.0
2021-12-29,0.0006,-0.0007000000000000001,0.0017000000000000001,0.0
2021-12-30,-0.0015,0.001,-0.004,0.0
2021-12-31,-0.0031,0.0004,0.0053,0.0
2022-01-03,0.0073,0.0033,0.0078000000000000005,0.0
2022-01-04,-0.0029,-0.008199999999999999,0.0362,0.0
2022-01-05,-0.022799999999999997,-0.0146,0.026000000000000002,0.0
2022-01-06,0.0,0.0021,0.0175,0.0
2022-01-07,-0.0048,-0.0132,0.0202,0.0
2022-01-10,-0.0015,-0.0022,-0.0028000000000000004,0.0
2022-01-11,0.011000000000000001,-0.0008,-0.003,0.0
2022-01-12,0.0012,-0.0088,0.005,0.0
2022-01-13,-0.015700000000000002,0.003,0.0241,0.0
2022-01-14,0.0008,0.0018,0.0054,0.0
2022-01-18,-0.0208,-0.0103,0.0137,0.0
2022-01-19,-0.0101,-0.0033,-0.0067,0.0
2022-01-20,-0.011399999999999999,-0.0086,-0.0023,0.0
2022-01-21,-0.021,0.0028000000000000004,0.0049,0.0
2022-01-24,0.0053,0.0181,-0.0025,0.0
2022-01-25,-0.0143,-0.0060999999999999995,0.0279,0.0
2022-01-26,-0.003,-0.0108,0.0009,0.0
2022-01-27,-0.0079,-0.016399999999999998,0.0079,0.0
2022-01-28,0.0245,-0.0014000000000000002,-0.0207,0.0
2022-01-31,0.023399999999999997,0.0131,-0.0286,0.0
2022-02-01,0.0087,0.0005,0.006500000000000001,0.0
2022-02-02,0.0048,-0.0174,0.0072,0.0
2022-02-03,-0.024900000000000002,-0.0005,0.0218,0.0
2022-02-04,0.0089,-0.0002,-0.006,0.0
2022-02-07,-0.0025,0.0053,0.0023,0.0
2022-02-08,0.0102,0.0068000000000000005,-0.0028000000000000004,0.0
2022-02-09,0.0161,0.0022,-0.0195,0.0
2022-02-10,-0.0169,-0.0014000000000000002,0.0123,0.0
2022-02-11,-0.0192,0.006,0.0213,0.0
2022-02-14,-0.0034999999999999996,0.0021,-0.0059,0.0
2022-02-15,0.0187,0.013300000000000001,-0.014199999999999999,0.0
2022-02-16,-0.0002,-0.0009,0.0031,0.0
2022-02-17,-0.022799999999999997,-0.0028000000000000004,0.011000000000000001,0.0
2022-02-18,-0.0087,-0.0009,0.009300000000000001,0.0
2022-02-22,-0.0118,-0.0048,0.0011,0.0
2022-02-23,-0.0196,-0.002,0.0126,0.0
2022-02-24,0.0189,0.0151,-0.038599999999999995,0.0
2022-02-25,0.0223,-0.0040999999999999995,0.012199999999999999,0.0
2022-02-28,0.0005,0.0063,-0.005,0.0
2022-03-01,-0.015700000000000002,-0.001,-0.008100000000000001,0.0
2022-03-02,0.0181,0.0042,0.0134,0.0
2022-03-03,-0.0088,-0.005699999999999999,0.0152,0.0
2022-03-04,-0.011000000000000001,-0.0067,0.0068000000000000005,0.0
2022-03-07,-0.031200000000000002,0.0058,0.0089,0.0
2022-03-08,-0.0052,0.0102,0.0032,0.0
2022-03-09,0.027999999999999997,0.0032,-0.0209,0.0
2022-03-10,-0.004699999999999999,0.0011,0.0116,0.0
2022-03-11,-0.0149,-0.0044,0.0179,0.0
2022-03-14,-0.0106,-0.0134,0.0177,0.0
2022-03-15,0.0215,-0.0012,-0.0239,0.0
2022-03-16,0.026099999999999998,0.008,-0.0183,0.0
2022-03-17,0.0143,0.0029,-0.0109,0.0
2022-03-18,0.013300000000000001,0.0027,-0.018500000000000003,0.0
2022-03-21,-0.0018,-0.0111,0.0159,0.0
2022-03-22,0.0131,0.0004,-0.0116,0.0
2022-03-23,-0.0126,-0.0064,0.0037,0.0
2022-03-24,0.014199999999999999,-0.0009,-0.0079,0.0
2022-03-25,0.0027,-0.0059,0.0218,0.0
2022-03-28,0.0073,-0.005600000000000001,-0.017,0.0
2022-03-29,0.014499999999999999,0.0154,-0.0192,0.0
2022-03-30,-0.0083,-0.0127,0.004,0.0
2022-03-31,-0.0155,0.0070999999999999995,-0.0044,0.0
2022-04-01,0.0039000000000000003,0.0069,-0.0059,1e-05
2022-04-04,0.009399999999999999,-0.0005,-0.018799999999999997,1e-05
2022-04-05,-0.0154,-0.0097,0.0084,1e-05
2022-04-06,-0.0124,-0.0066,0.0109,1e-05
2022-04-07,0.0033,-0.0060999999999999995,-0.0013,1e-05
2022-04-08,-0.0039000000000000003,-0.009899999999999999,0.022400000000000003,1e-05
2022-04-11,-0.015300000000000001,0.0029,0.0106,1e-05
2022-04-12,-0.0029,0.0055000000000000005,0.0046,1e-05
2022-04-13,0.013999999999999999,0.009300000000000001,-0.0070999999999999995,1e-05
2022-04-14,-0.0128,0.0003,0.0141,1e-05
2022-04-18,-0.0021,-0.008100000000000001,0.018000000000000002,1e-05
2022-04-19,0.0177,0.0059,-0.0095,1e-05
2022-04-20,-0.0028000000000000004,0.0019,0.0126,1e-05
2022-04-21,-0.0175,-0.0070999999999999995,0.0040999999999999995,1e-05
2022-04-22,-0.0274,0.0032,-0.0016,1e-05
2022-04-25,0.0070999999999999995,0.0043,-0.0183,1e-05
2022-04-26,-0.03,-0.0067,0.0179,1e-05
2022-04-27,0.0012,-0.0060999999999999995,0.0034000000000000002,1e-05
2022-04-28,0.024399999999999998,-0.0019,-0.0045000000000000005,1e-05
2022-04-29,-0.0353,0.0074,0.0059,1e-05
2022-05-02,0.008,0.0059,-0.0115,1e-05
2022-05-03,0.0040999999999999995,-0.0017000000000000001,0.016200000000000003,1e-05
2022-05-04,0.03,-0.0045000000000000005,0.0024,1e-05
2022-05-05,-0.038,-0.0078000000000000005,0.023700000000000002,1e-05
2022-05-06,-0.0085,-0.0131,0.0177,1e-05
2022-05-09,-0.0354,-0.005,0.0137,1e-05
2022-05-10,0.002,-0.0022,-0.012199999999999999,1e-05
2022-05-11,-0.0195,-0.0111,0.0259,1e-05
2022-05-12,0.0017000000000000001,0.0128,-0.0123,1e-05
2022-05-13,0.0276,0.009000000000000001,-0.022000000000000002,1e-05
2022-05-16,-0.006,-0.0021,0.013500000000000002,1e-05
2022-05-17,0.021400000000000002,0.0096,-0.0005,1e-05
2022-05-18,-0.0404,0.0021,0.015300000000000001,1e-05
2022-05-19,-0.0034000000000000002,0.0048,-0.008,1e-05
2022-05-20,-0.0005,-0.0011,-0.0019,1e-05
2022-05-23,0.0174,-0.010700000000000001,0.0129,1e-05
2022-05-24,-0.0123,-0.009399999999999999,0.018500000000000003,1e-05
2022-05-25,0.012199999999999999,0.0079,0.0021,1e-05
2022-05-26,0.0218,0.002,-0.0062,1e-05
2022-05-27,0.0258,0.0036,-0.013000000000000001,1e-05
2022-05-31,-0.0070999999999999995,-0.005,0.0045000000000000005,1e-05
2022-06-01,-0.0075,0.0019,0.0079,3e-05
2022-06-02,0.0209,0.0084,-0.0207,3e-05
2022-06-03,-0.0163,0.0085,0.0053,3e-05
2022-06-06,0.0033,-0.0001,0.006500000000000001,3e-05
2022-06-07,0.009899999999999999,0.0031,-0.0014000000000000002,3e-05
2022-06-08,-0.0102,-0.0009,-0.0053,3e-05
2022-06-09,-0.024399999999999998,0.0031,0.0026,3e-05
2022-06-10,-0.03,0.0011,0.0062,3e-05
2022-06-13,-0.041299999999999996,-0.0066,0.0062,3e-05
2022-06-14,-0.0025,0.0022,0.0012,3e-05
2022-06-15,0.0155,0.0028000000000000004,-0.0165,3e-05
2022-06-16,-0.0352,-0.0118,0.0003,3e-05
2022-06-17,0.004699999999999999,0.0111,-0.0262,3e-05
2022-06-21,0.023799999999999998,-0.0075,0.0024,3e-05
2022-06-22,-0.0018,0.0019,-0.0177,3e-05
2022-06-23,0.0113,0.0079,-0.0385,3e-05
2022-06-24,0.0311,-0.0036,-0.0004,3e-05
2022-06-27,-0.0028000000000000004,0.005600000000000001,0.0124,3e-05
2022-06-28,-0.021,-0.0034999999999999996,0.0236,3e-05
2022-06-29,-0.002,-0.0045000000000000005,-0.013000000000000001,3e-05
2022-06-30,-0.0096,0.0042,-0.0015,3e-05
2022-07-01,0.0115,0.0003,0.0011,4e-05
2022-07-05,0.0049,0.0179,-0.0335,4e-05
2022-07-06,0.0017000000000000001,-0.0076,-0.0073,4e-05
2022-07-07,0.0177,0.0098,-0.0098,4e-05
2022-07-08,-0.0007000000000000001,0.0011,-0.0007000000000000001,4e-05
2022-07-11,-0.0139,-0.013000000000000001,0.0159,4e-05
2022-07-12,-0.0088,0.0074,0.0051,4e-05
2022-07-13,-0.0039000000000000003,0.0045000000000000005,-0.004,4e-05
2022-07-14,-0.0040999999999999995,-0.0027,-0.0101,4e-05
2022-07-15,0.0195,-0.0006,0.004699999999999999,4e-05
2022-07-18,-0.0070999999999999995,0.0021,0.0102,4e-05
2022-07-19,0.027999999999999997,0.0091,-0.005600000000000001,4e-05
2022-07-20,0.0089,0.0148,-0.0131,4e-05
2022-07-21,0.0097,0.0004,-0.0163,4e-05
2022-07-22,-0.011899999999999999,-0.010700000000000001,0.0137,4e-05
2022-07-25,0.0011,-0.0031,0.0169,4e-05
2022-07-26,-0.0132,0.0009,0.0106,4e-05
2022-07-27,0.027200000000000002,0.0049,-0.0127,4e-05
2022-07-28,0.011899999999999999,0.0008,-0.0086,4e-05
2022-07-29,0.0144,-0.0096,0.0045000000000000005,4e-05
2022-08-01,-0.0019,0.0033,-0.0026,8e-05
2022-08-02,-0.0049,0.009000000000000001,-0.013999999999999999,8e-05
2022-08-03,0.0167,0.0076,-0.0192,8e-05
2022-08-04,-0.0006,0.008,-0.0165,8e-05
2022-08-05,-0.0005,0.0089,-0.0006,8e-05
2022-08-08,0.0,0.009399999999999999,-0.0008,8e-05
2022-08-09,-0.0068000000000000005,-0.0182,0.0212,8e-05
2022-08-10,0.0236,0.011399999999999999,-0.016,8e-05
2022-08-11,-0.0007000000000000001,-0.0022,0.0166,8e-05
2022-08-12,0.0176,0.0063,-0.0075,8e-05
2022-08-15,0.0038,0.0014000000000000002,-0.0063,8e-05
2022-08-16,0.0019,-0.0034000000000000002,0.0072,8e-05
2022-08-17,-0.009300000000000001,-0.011699999999999999,0.0104,8e-05
2022-08-18,0.0027,0.0019,0.0046,8e-05
2022-08-19,-0.015,-0.0116,0.0096,8e-05
2022-08-22,-0.021400000000000002,-0.0018,0.0036,8e-05
2022-08-23,-0.0011,0.0002,0.0033,8e-05
2022-08-24,0.004,0.0064,-0.0062,8e-05
2022-08-25,0.014499999999999999,0.0018,-0.0001,8e-05
2022-08-26,-0.0338,-0.0055000000000000005,0.0169,8e-05
2022-08-29,-0.0072,-0.005699999999999999,0.0042,8e-05
2022-08-30,-0.0111,-0.0025,-0.0024,8e-05
2022-08-31,-0.0074,0.0028000000000000004,-0.0044,8e-05
2022-09-01,-0.0001,-0.0111,-0.003,8.999999999999999e-05
2022-09-02,-0.009899999999999999,-0.0007000000000000001,0.010700000000000001,8.999999999999999e-05
2022-09-06,-0.0051,-0.0046,-0.0053,8.999999999999999e-05
2022-09-07,0.0192,0.006999999999999999,-0.015300000000000001,8.999999999999999e-05
2022-09-08,0.0078000000000000005,-0.0007000000000000001,-0.0019,8.999999999999999e-05
2022-09-09,0.0167,0.0052,-0.0052,8.999999999999999e-05
2022-09-12,0.010700000000000001,0.0029,-0.0016,8.999999999999999e-05
2022-09-13,-0.0429,-0.0019,0.0144,8.999999999999999e-05
2022-09-14,0.0044,-0.0005,-0.0029,8.999999999999999e-05
2022-09-15,-0.0103,0.0037,0.0055000000000000005,8.999999999999999e-05
2022-09-16,-0.0098,-0.0084,0.0084,8.999999999999999e-05
2022-09-19,0.0072,-0.0015,0.0067,8.999999999999999e-05
2022-09-20,-0.0116,-0.002,0.0005,8.999999999999999e-05
2022-09-21,-0.0168,0.0037,0.0008,8.999999999999999e-05
2022-09-22,-0.011399999999999999,-0.013500000000000002,0.0040999999999999995,8.999999999999999e-05
2022-09-23,-0.018500000000000003,-0.0025,-0.008100000000000001,8.999999999999999e-05
2022-09-26,-0.0102,0.0018,-0.0074,8.999999999999999e-05
2022-09-27,-0.0005,0.0063,-0.009399999999999999,8.999999999999999e-05
2022-09-28,0.0215,0.009000000000000001,-0.0033,8.999999999999999e-05
2022-09-29,-0.0217,-0.0046,0.0087,8.999999999999999e-05
2022-09-30,-0.014199999999999999,0.0051,0.0027,8.999999999999999e-05
2022-10-03,0.0255,-0.0026,0.0069,0.00010999999999999999
2022-10-04,0.033,0.0077,-0.0005,0.00010999999999999999
2022-10-05,-0.0022,-0.0036,0.0008,0.00010999999999999999
2022-10-06,-0.0086,0.0053,0.0012,0.00010999999999999999
2022-10-07,-0.0291,-0.0063,0.0167,0.00010999999999999999
2022-10-10,-0.008100000000000001,0.0004,0.0077,0.00010999999999999999
2022-10-11,-0.006999999999999999,0.0055000000000000005,0.0033,0.00010999999999999999
2022-10-12,-0.0027,0.0009,0.0,0.00010999999999999999
2022-10-13,0.024,-0.0062,0.0158,0.00010999999999999999
2022-10-14,-0.0246,-0.0046,0.0121,0.00010999999999999999
2022-10-17,0.0274,0.0068000000000000005,-0.014199999999999999,0.00010999999999999999
2022-10-18,0.011899999999999999,-0.0011,0.0,0.00010999999999999999
2022-10-19,-0.0087,-0.0132,0.0121,0.00010999999999999999
2022-10-20,-0.008,-0.0028000000000000004,-0.0044,0.00010999999999999999
2022-10-21,0.023,-0.0018,0.0011,0.00010999999999999999
2022-10-24,0.0103,-0.0073,0.0046,0.00010999999999999999
2022-10-25,0.0178,0.013600000000000001,-0.0151,0.00010999999999999999
2022-10-26,-0.0066,0.0042,0.0089,0.00010999999999999999
2022-10-27,-0.0054,0.0032,0.0106,0.00010999999999999999
2022-10-28,0.0233,-0.0003,-0.0033,0.00010999999999999999
2022-10-31,-0.0067,0.0038,0.0074,0.00010999999999999999
2022-11-01,-0.0034999999999999996,0.0016,0.0078000000000000005,0.00014000000000000001
2022-11-02,-0.026699999999999998,-0.0121,0.016,0.00014000000000000001
2022-11-03,-0.0103,0.0031,0.0031,0.00014000000000000001
2022-11-04,0.0116,-0.006,0.0129,0.00014000000000000001
2022-11-07,0.0087,-0.0049,0.006,0.00014000000000000001
2022-11-08,0.005,-0.004699999999999999,-0.0038,0.00014000000000000001
2022-11-09,-0.0225,-0.0062,0.0055000000000000005,0.00014000000000000001
2022-11-10,0.056799999999999996,0.0166,-0.031,0.00014000000000000001
2022-11-11,0.010700000000000001,0.003,-0.0108,0.00014000000000000001
2022-11-14,-0.0095,-0.004,0.0025,0.00014000000000000001
2022-11-15,0.0103,0.0073,-0.006999999999999999,0.00014000000000000001
2022-11-16,-0.0103,-0.0121,0.005699999999999999,0.00014000000000000001
2022-11-17,-0.0042,-0.0051,0.0058,0.00014000000000000001
2022-11-18,0.004,-0.0018,0.0008,0.00014000000000000001
2022-11-21,-0.0053,-0.0034999999999999996,0.009899999999999999,0.00014000000000000001
2022-11-22,0.013500000000000002,-0.0052,0.0045000000000000005,0.00014000000000000001
2022-11-23,0.0063,0.0002,-0.009399999999999999,0.00014000000000000001
2022-11-25,-0.0002,0.0022,0.0043,0.00014000000000000001
2022-11-28,-0.0155,-0.004,-0.0021,0.00014000000000000001
2022-11-29,-0.0018,0.0011,0.0103,0.00014000000000000001
2022-11-30,0.031200000000000002,0.0034999999999999996,-0.0207,0.00014000000000000001
2022-12-01,-0.0002,0.0026,-0.0069,0.00016
2022-12-02,-0.0008,0.0092,-0.005600000000000001,0.00016
2022-12-05,-0.0202,-0.006,-0.0053,0.00016
2022-12-06,-0.0151,-0.0023,0.0116,0.00016
2022-12-07,-0.0024,-0.0014000000000000002,-0.0033,0.00016
2022-12-08,0.0077,0.002,-0.012,0.00016
2022-12-09,-0.008,-0.0054,0.0034999999999999996,0.00016
2022-12-12,0.0141,-0.0032,-0.0015,0.00016
2022-12-13,0.0066,0.0019,-0.0075,0.00016
2022-12-14,-0.005600000000000001,0.0003,-0.0044,0.00016
2022-12-15,-0.025699999999999997,-0.0038,0.0137,0.00016
2022-12-16,-0.0102,0.0052,0.0018,0.00016
2022-12-19,-0.0101,-0.0077,0.0124,0.00016
2022-12-20,0.0013,0.0022,0.0024,0.00016
2022-12-21,0.0152,0.0012,-0.0014000000000000002,0.00016
2022-12-22,-0.0152,0.001,0.0037,0.00016
2022-12-23,0.0051,-0.006,0.0115,0.00016
2022-12-27,-0.0051,-0.0073,0.0143,0.00016
2022-12-28,-0.0123,-0.0024,-0.0029,0.00016
2022-12-29,0.0187,0.0126,-0.010700000000000001,0.00016
2022-12-30,-0.0022,0.001,-0.0003,0.00016
